method_name,gpu_num,remote,preprocess,render,copy,present,total,FPS,speedup
benchmark,1,0.189632731,1.334058356,0.026961425,0.001232493,58.04558453,59.59746954,16.83279604,0.976794488
multithread,1,0.186278594,1.354661222,0.027042509,0.002212573,57.95927396,59.52946886,16.85113314,0.977858576
gVulkan,1,0.178600552,1.21157346,53.259551,0,0.156578998,54.80630401,18.29144813,1.061438971
local_oneGPU,1,0,0.409556792,52.83028507,0,4.789405657,58.02924752,17.23268942,1
