method_name,gpu_num,remote,preprocess,render,copy,present,total
benchmark,1,0.167725556,0.764530603,0.02218389,0.000949716,54.22450693,55.1798967
multithread,1,0.158252061,0.847143218,0.022625801,0.001490536,54.01513906,55.04465067
gVulkan,1,0.1733198,0.717558121,53.37267232,0,0.122668061,54.3862183
local_oneGPU,1,0,0,0,0,54.85672011,54.85672011
